x,base_cdf,fp_monotone_cdf,fp_nonmonotone_cdf
-4.0,1.338385255071836e-06,2.4407721892744773e-07,2.294759815301603e-07
-3.99,2.7313214000223826e-06,4.981181527538744e-07,4.683051143579084e-07
-3.98,4.180886896316052e-06,7.625034235239385e-07,7.168437660756924e-07
-3.97,5.689233149053105e-06,1.037627073571021e-06,9.75460811014544e-07
-3.96,7.258586810199019e-06,1.3238969931183347e-06,1.2445380251519944e-06
-3.95,8.891252144505353e-06,1.6217353597533658e-06,1.5244704917692266e-06
-3.94,1.0589613459454333e-05,1.931579090042266e-06,1.8156670180859203e-06
-3.93,1.235613760057396e-05,2.2538803035546583e-06,2.118550563103763e-06
-3.92,1.4193376513484894e-05,2.589106799573193e-06,2.433558676892068e-06
-3.91,1.6103969874054168e-05,2.9377425467659963e-06,2.7611439515513308e-06
-3.9,1.809064778804446e-05,3.3002881861040056e-06,3.101774484092896e-06
-3.89,2.015623356166052e-05,3.677261547308938e-06,3.4559343514751245e-06
-3.88,2.230364654440716e-05,4.069198179121466e-06,3.824124098038655e-06
-3.87,2.4535905045685058e-05,4.476651893682871e-06,4.2068612355853984e-06
-3.86,2.685612932656232e-05,4.900195325327208e-06,4.604680756347943e-06
-3.85,2.9267544668170757e-05,5.340420504084684e-06,5.018135659097868e-06
-3.84,3.177348451818597e-05,5.7979394442006066e-06,5.447797488643349e-06
-3.83,3.437739371686033e-05,6.273384747977892e-06,5.894256888968039e-06
-3.82,3.7082831804086915e-05,6.767410225254703e-06,6.358124170264853e-06
-3.81,3.989347640898081e-05,7.2806915288323185e-06,6.840029890119684e-06
-3.8,4.281312672347175e-05,7.813926806171826e-06,7.340625449101462e-06
-3.79,4.5845707061409346e-05,8.367837367681713e-06,7.86058370101614e-06
-3.78,4.899527050468749e-05,8.943168371921773e-06,8.400599578083257e-06
-3.77,5.226600263790065e-05,9.540689528052149e-06,8.961390731294726e-06
-3.76,5.5662225373048264e-05,1.016119581585958e-05,9.543698186216139e-06
-3.75,5.9188400865807545e-05,1.0805508223696172e-05,1.0148287014491702e-05
-3.74,6.28491355248972e-05,1.1474474504669186e-05,1.07759470213142e-05
-3.73,6.664918411605597e-05,1.2168969951423429e-05,1.1427493449121835e-05
-3.7199999999999998,7.059345396216066e-05,1.2889898189860891e-05,1.2103767697783857e-05
-3.71,7.468700924100755e-05,1.3638191992145249e-05,1.280563806153686e-05
-3.7,7.89350753822792e-05,1.4414814109341721e-05,1.353400048293347e-05
-3.69,8.334304356521648e-05,1.522075812404566e-05,1.4289779324064613e-05
-3.68,8.791647531851045e-05,1.6057049323355935e-05,1.5073928155316094e-05
-3.67,9.266110722392479e-05,1.69247455925519e-05,1.588743056191928e-05
-3.66,9.758285572515159e-05,1.7824938329835348e-05,1.6731300968554742e-05
-3.65,0.00010268782204339672,1.8758753382501226e-05,1.7606585482266483e-05
-3.64,0.00010798229720118057,1.972735200490358e-05,1.8514362753942864e-05
-3.63,0.00011347276715583024,2.073193183858527e-05,1.9455744858618767e-05
-3.62,0.00011916591804412649,2.1773727914942386e-05,2.043187819485148e-05
-3.61,0.00012506864153955582,2.285401368079652e-05,2.1443944403420888e-05
-3.6,0.00013118804032360203,2.3974102047249978e-05,2.2493161305601823e-05
-3.59,0.00013753143367249617,2.5135346462201104e-05,2.3580783861254173e-05
-3.58,0.00014410636316082402,2.633914200689882e-05,2.4708105146973107e-05
-3.57,0.00015092059848337142,2.758692651691712e-05,2.587645735453889e-05
-3.56,0.00015798214339656543,2.8880181727932213e-05,2.7087212809902225e-05
-3.55,0.000165299241780846,3.022043444668636e-05,2.8341785012937347e-05
-3.54,0.0001728803838252773,3.160925774752419e-05,2.964162969819122e-05
-3.53,0.00018073431233568148,3.3048272194888597e-05,3.098824591685296e-05
-3.52,0.0001888700291675473,3.453914709216462e-05,3.238317714016297e-05
-3.51,0.0001972968017849365,3.608360175726112e-05,3.3828012384476605e-05
-3.5,0.00020602416994657682,3.768340682532094e-05,3.532438735819206e-05
-3.49,0.00021506195252029577,3.93403855789517e-05,3.6873985630746776e-05
-3.48,0.00022442025442691275,4.1056415306369753e-05,3.847853982388099e-05
-3.4699999999999998,0.00023410947371466713,4.283342868785144e-05,4.013983282536112e-05
-3.46,0.00024414030876521896,4.46734152108859e-05,4.185969902534947e-05
-3.45,0.00025452376563221566,4.65784226144249e-05,4.364002557560007e-05
-3.44,0.00026527116551337127,4.8550558362625444e-05,4.548275367165367e-05
-3.4299999999999997,0.0002763941523569583,5.0591991148481794e-05,4.738987985819796e-05
-3.42,0.00028790470060355977,5.270495242774364e-05,4.9363457357751384e-05
-3.41,0.00029981512306387847,5.4891737983518025e-05,5.1405597422821364e-05
-3.4,0.0003121380789333431,5.715470952195253e-05,5.351847071167987e-05
-3.39,0.0003248865819441946,5.949629629939788e-05,5.5704308687890815e-05
-3.38,0.000338074008655676,6.191899678144822e-05,5.796540504371531e-05
-3.37,0.0003517141068828845,6.442538033425741e-05,6.030411714751226e-05
-3.36,0.00036582100426478184,6.701808894853006e-05,6.272286751524231e-05
-3.35,0.00038040921697178983,6.969983899658607e-05,6.522414530617433e-05
-3.34,0.0003954936585533259,7.247342302289733e-05,6.781050784288386e-05
-3.33,0.0004110896489255637,7.534171156849561e-05,7.048458215562347e-05
-3.32,0.00042721292349962546,7.830765502965062e-05,7.324906655113497e-05
-3.31,0.00044387964245033403,8.137428555121726e-05,7.610673220596317e-05
-3.3,0.00046110640012557284,8.454471895505109e-05,7.906042478432124e-05
-3.29,0.00047891023459621657,8.782215670389126e-05,8.211306608054688e-05
-3.2800000000000002,0.0004973086373465083,9.120988790111048e-05,8.526765568617825e-05
-3.27,0.0005163195631046706,9.471129132673107e-05,8.852727268166822e-05
-3.26,0.0005359614398134423,9.832983751010726e-05,9.189507735274479e-05
-3.25,0.0005562531787401408,0.00010206909083967351,9.537431293141526e-05
-3.24,0.0005772141847257482,0.00010593271171015941,9.896830736160082e-05
-3.23,0.0005988643665724206,0.00010992445870767193,0.00010268047508937841
-3.2199999999999998,0.0006212241475687131,0.00011404819083304658,0.00010651431887779573
-3.21,0.000644314476151708,0.00011830786976386953,0.00011047343164621574
-3.2,0.0006681568367051225,0.00012270756215557388,0.00011456149833413684
-3.19,0.0006927732604923591,0.00012725144198201402,0.00011878229778942546
-3.1799999999999997,0.0007181863367233441,0.00013194379291592357,0.00012313970468088832
-3.17,0.0007444192237538857,0.00013678901074966297,0.00012763769143510318
-3.16,0.0007714956604161546,0.0001417916058566658,0.00013228033019741843
-3.15,0.0007994399774787676,0.00014695620569399345,0.00013707179481702416
-3.14,0.0008282771092348305,0.00015228755734641032,0.00014201636285599033
-3.13,0.0008580326052161568,0.00015779053011239446,0.0001471184176221613
-3.12,0.0008887326420317565,0.00016347011813250124,0.00015238245022579125
-3.11,0.0009204040353285391,0.0001693314430604996,0.00015781306165979926
-3.1,0.0009530742518720494,0.0001753797567777055,0.00016341496490352114
-3.09,0.000986771421744898,0.00018162044415093978,0.00016919298704983212
-3.08,0.0010215243506604156,0.0001880590258345421,0.00017515207145551328
-3.07,0.0010573625323889026,0.0001947011611168776,0.00018129727991473743
-3.06,0.0010943161612936968,0.0002015526508117771,0.0001876337948555498
-3.05,0.0011324161449741358,0.00020861944019535863,0.00019416692155922605
-3.04,0.0011716941170123183,0.0002159076219886826,0.00020090209040239437
-3.0300000000000002,0.0012121824498204244,0.00022342343938670084,0.00020784485912181768
-3.02,0.001253914267585187,0.00023117328913396576,0.00021500091510174367
-3.01,0.0012969234593059374,0.00023916372464757564,0.00022237607768374186
-3.0,0.001341244691922491,0.00024740145918783707,0.00022997630049896648
-2.99,0.0013869134235289602,0.00025589336907713977,0.00023780767382279951
-2.98,0.0014339659166694141,0.000264646496967543,0.00024587642695185453
-2.9699999999999998,0.0014824392517111334,0.00027366805515758886,0.0002541889306033466
-2.96,0.0015323713402910207,0.00028296542895886543,0.0002627516993368638
-2.95,0.0015838009388305634,0.0002925461801128563,0.0002715713939986116
-2.94,0.0016367676621145523,0.00030241805025862657,0.00028065482418823917
-2.9299999999999997,0.0016913119969285833,0.0003125889644519088,0.00029000895074840076
-2.92,0.0017474753157501806,0.00032306703473616627,0.0002996408882772567
-2.91,0.0018052998904881975,0.00033386056376623,0.0003095579076641688
-2.9,0.0018648289062649568,0.0003449780484851189,0.0003197674386489111
-2.8899999999999997,0.0019261064752354037,0.0003564281838546729,0.00033027707240477995
-2.88,0.0019891776504373615,0.00036821986664064855,0.00034109456414606364
-2.87,0.0020540884396667686,0.00038036219925294284,0.00035222783576041345
-2.86,0.002120885819371598,0.0003928644936416389,0.0003636849784667454
-2.8499999999999996,0.0021896177485579574,0.0004057362752495824,0.0003754742554994022
-2.84,0.002260333182701669,0.00041898728702222755,0.00038760410481940993
-2.83,0.002333082087658434,0.0004326274934755132,0.00040008314185377967
-2.8200000000000003,0.0024079154535654847,0.0004466670848225571,0.0004129201622639326
-2.81,0.0024848853087274317,0.0004611164811599851,0.0004261241447444609
-2.8,0.00256404473347881,0.00047598633671473917,0.0004397042538535869
-2.79,0.0026454478740156272,0.0004912875441522416,0.00045366984287684305
-2.7800000000000002,0.00272914995618802,0.0005070312389468236,0.00046803045672566714
-2.77,0.002815207299245916,0.0005232288038153606,0.00048279583487279254
-2.76,0.0029036773295294084,0.0005398918732150914,0.0004979759143265177
-2.75,0.002994618594095346,0.0005570323379066383,0.0005135808326461477
-2.74,0.0030880907742714277,0.0005746623495832789,0.0005296209310011401
-2.73,0.0031841546991289117,0.000592794325567567,0.0005461067572767262
-2.7199999999999998,0.0032828723588648463,0.000611440953576438,0.0005630490692290521
-2.71,0.003384306918084509,0.0006306151965559788,0.0005804588376931616
-2.7,0.0034885227289745734,0.0006503302975870919,0.0005983472498474501
-2.69,0.003595585344357315,0.0006705997848633238,0.0006167257125385384
-2.6799999999999997,0.003705561530615962,0.0006914374767421874,0.0006356058556708629
-2.67,0.0038185192804811264,0.0007128574868713506,0.0006549995356656433
-2.66,0.00393452782566804,0.0007348742293911226,0.0006749188389942816
-2.65,0.0040536576493541455,0.0007575024242147229,0.0006953760857916553
-2.6399999999999997,0.004175980498486396,0.0007807571023878775,0.0007163838335552151
-2.63,0.004301569395907439,0.0008046536115293429,0.0007379548809362587
-2.62,0.004430498652289677,0.0008292076213540262,0.0007601022716302466
-2.61,0.004562843877866026,0.0008544351292804268,0.0007828392983735531
-2.5999999999999996,0.004698681993945997,0.0008803524661241992,0.0008061795070545907
-2.59,0.004838091244205583,0.0009069763018796945,0.0008301367009478407
-2.58,0.004981151205739243,0.0009343236515914212,0.0008547249450799296
-2.5700000000000003,0.005127942799862122,0.000962411881317427,0.0008799585707375459
-2.56,0.005278548302650487,0.000991258714186686,0.0009058521801276749
-2.55,0.005433051355208186,0.0010208822365526478,0.0009324206512013499
-2.54,0.005591536973646811,0.001051300904245189,0.0009596791426528748
-2.5300000000000002,0.005754091558767083,0.0010825335489232824,0.0009876430991072676
-2.52,0.005920802905428844,0.0011145993845307935,0.0010163282565095137
-2.51,0.0060917602115968875,0.0011475180138578848,0.0010457506477300842
-2.5,0.006267054087049768,0.0011813094352106114,0.0010759266084020992
-2.49,0.006446776561738539,0.0012159940491913719,0.00110687278300647
-2.48,0.006631021093782345,0.0012515926655929754,0.001138606131222361
-2.4699999999999998,0.006819882577087566,0.001288126510409175,0.0011711439345613503
-2.46,0.007013457348577224,0.0013256172329646216,0.0012045038033047719
-2.45,0.007211843195017152,0.0013640869131672866,0.0012387036837648482
-2.44,0.00741513935942544,0.0014035580688864964,0.001273761865891421
-2.4299999999999997,0.007623446547051492,0.001444053663459837,0.0013096969912473045
-2.42,0.007836866930911015,0.0014855971133322815,0.0013465280613765792
-2.41,0.008055504156863172,0.0015282122958309974,0.001384274446591469
-2.4,0.008279463348216054,0.0015719235570794121,0.0014229558952048213
-2.3899999999999997,0.008508851109846602,0.001616755720054202,0.0014625925432366382
-2.38,0.008743775531821046,0.0016627340927890058,0.001503204924624582
-2.37,0.00898434619250189,0.001709884476728756,0.001544813981969909
-2.36,0.009230674161127463,0.0017582331752386438,0.0015874410778518528
-2.3499999999999996,0.009482871999850012,0.00180780700227185,0.001631108006745103
-2.34,0.009741053765218359,0.0018586332912002808,0.0016758370075767018
-2.33,0.010005335009091034,0.0019107399038126786,0.0017216507769603887
-2.3200000000000003,0.010275832778965977,0.0019641552394845767,0.001768572483148196
-2.31,0.01055266561771275,0.002018908244524704,0.001816625780740896
-2.3,0.010835953562693337,0.0020750284217025496,0.0018658348262007678
-2.29,0.01112581814425765,0.0021325458399619247,0.0019162242942120178
-2.2800000000000002,0.011422382383599852,0.0021914911443254724,0.0019678193949361532
-2.27,0.011725770789961728,0.0022518955659952045,0.002020645892211543
-2.26,0.012036109357169415,0.0023137909326542408,0.002074730122748429
-2.25,0.012353525559489811,0.0023772096789750827,0.0021300990163726627
-2.24,0.012678148346793205,0.00244218485733982,0.0021867801173735216
-2.23,0.013010108139008679,0.002508750148777832,0.002244801607013033
-2.2199999999999998,0.013349536819858997,0.0025769398741266347,0.002304192327256336
-2.21,0.013696567729861829,0.0026467890054216294,0.0023649818057847397
-2.2,0.01405133565858433,0.0027183331775206565,0.0024272002823552638
-2.19,0.01441397683613817,0.0027916086999693213,0.0024908787365725735
-2.1799999999999997,0.014784628923902416,0.0028666525691131996,0.0025560489171413633
-2.17,0.015163431004461716,0.0029435024804631135,0.0026227433726693657
-2.16,0.015550523570747543,0.0030221968413197816,0.0026909954840932796
-2.15,0.0159460485143704,0.003102774783664236,0.0027608394988019856
-2.1399999999999997,0.01635014911313115,0.003185276177320487,0.0028323105665335035
-2.13,0.016762970017699826,0.003269741643397019,0.002905444777124142
-2.12,0.017184657237450617,0.0033562125680137627,0.0029802792001902938
-2.11,0.017615358125441904,0.0034447311163212967,0.0030568519268252313
-2.0999999999999996,0.018055221362530505,0.0035353402468190557,0.003135202113395132
-2.09,0.018504396940609666,0.0036280837259794444,0.0032153700275203236
-2.08,0.01896303614496054,0.0037230061431847684,0.0032973970963294523
-2.0700000000000003,0.019431291535707253,0.003820152925983968,0.003381325957075861
-2.06,0.019909316928366044,0.003919570355676176,0.0034672005102069554
-2.05,0.020397267373479196,0.00402130558322816,0.003555065974978692
-2.04,0.02089529913532496,0.004125406645532728,0.003644968947708556
-2.0300000000000002,0.021403569669694988,0.004231922482015188,0.003736957462761473
-2.02,0.021922237600731143,0.0043409029515949936,0.003831081056364001
-2.01,0.022451462696814063,0.004452398850009627,0.003927390833342895
-2.0,0.02299140584549616,0.004566461927507846,0.00402593953688467
-1.9899999999999998,0.023542229027472262,0.004683144906919307,0.004126781621413129
-1.98,0.02410409528958145,0.004802501502107606,0.0042299733286819035
-1.9699999999999998,0.024677168716834227,0.004924586436813655,0.004335572767178949
-1.96,0.025261614403459438,0.00504945546389629,0.004443639994939506
-1.9500000000000002,0.025857598422966123,0.005177165384976911,0.0045542371058634
-1.94,0.02646528779721567,0.005307774070494824,0.004667428319631553
-1.9300000000000002,0.027084850464500366,0.005441340480179862,0.004783280075315316
-1.92,0.027716455246624905,0.00557792468394873,0.004901861128770613
-1.9100000000000001,0.02836027181498791,0.005717587883231318,0.005023242653906937
-1.9,0.029016470655661125,0.005860392432733122,0.005147498347918889
-1.8900000000000001,0.029685223033464436,0.006006401862639636,0.005274704540565257
-1.88,0.03036670095503558,0.006155680901268426,0.0054049403075774865
-1.87,0.031061077130893792,0.006308295498174325,0.005538287588275876
-1.8599999999999999,0.03176852493649742,0.006464312847712904,0.00567483130746782
-1.85,0.032489218372296035,0.006623801413067156,0.0058146595016979686
-1.8399999999999999,0.0332233320227782,0.00678683095074194,0.005957863449915265
-1.83,0.033971041014516756,0.006953472535530417,0.006104537808616364
-1.8199999999999998,0.03473252097321412,0.007123798585956385,0.006254780751519018
-1.81,0.035507947979750466,0.007297882890195949,0.006408694113812497
-1.7999999999999998,0.03629749852523889,0.0074758006324816065,0.0065663835410251555
-1.79,0.03710134946509174,0.007657628419991331,0.00672795864254156
-1.7799999999999998,0.037919677972103355,0.007843444310224755,0.006893533149793546
-1.77,0.038752661488554885,0.008033327838868051,0.007063225079140683
-1.7599999999999998,0.039600477677347944,0.008227360048148561,0.007237156899446339
-1.75,0.040463304372173964,0.008425623515679569,0.00741545570434552
-1.7399999999999998,0.041341319526727434,0.008628202383795096,0.007598253389190003
-1.73,0.04223470116297161,0.008835182389373836,0.007785686832645073
-1.7199999999999998,0.043143627318465945,0.009046650894150726,0.007977898082900215
-1.71,0.04406827599276544,0.009262696915513822,0.008175034548443589
-1.6999999999999997,0.04500882509290275,0.009483411157783478,0.008377249193336867
-1.69,0.04596545237796457,0.009708886043969906,0.008584700736913113
-1.6800000000000002,0.04693833540277469,0.00993921574800439,0.0087975538578059
-1.67,0.04792765146069676,0.010174496227438493,0.0090159794022026
-1.6600000000000001,0.04893357752557057,0.010414825256604658,0.009240154596198891
-1.65,0.04995629019279656,0.010660302460230612,0.009470263262115117
-1.6400000000000001,0.05099596561958377,0.010911029347498892,0.00970649603861786
-1.63,0.052052779464377454,0.011167109346541786,0.009949050604472345
-1.62,0.05312690682548321,0.01142864783936081,0.010198131905732898
-1.6099999999999999,0.05421852217890529,0.011695752197158616,0.010453952386159619
-1.6,0.05532779931541742,0.011968531816070058,0.010716732220629886
-1.5899999999999999,0.05645491127688554,0.012247098153277798,0.010986699551293076
-1.58,0.057600030291862156,0.01253156476349648,0.011264090726196276
-1.5699999999999998,0.05876332771047313,0.012822047335808188,0.01154915054008745
-1.56,0.05994497393861848,0.013118663730830324,0.011842132477080956
-1.5499999999999998,0.06114513837150921,0.013421534018195657,0.012143298954848081
-1.54,0.06236398932656332,0.01373078051432266,0.012452921569972792
-1.5299999999999998,0.06360169397568473,0.014046527820452681,0.012771281344090014
-1.52,0.06485841827694944,0.014368902860928803,0.013098668970400497
-1.5099999999999998,0.06613432690572436,0.014698034921689524,0.013435385060132907
-1.5,0.06742958318524465,0.015034055688948628,0.013781740388500066
-1.4899999999999998,0.06874434901667618,0.015377099288030759,0.014138056139672435
-1.48,0.07007878480869073,0.01572730232233035,0.014504664150267963
-1.4699999999999998,0.07143304940658175,0.016084803912359533,0.014881907150833497
-1.46,0.07280730002094979,0.016449745734848847,0.015270139004768918
-1.4499999999999997,0.07420169215598679,0.01682227206186218,0.015669724944121426
-1.44,0.07561637953738981,0.017202529799885662,0.01608104180165363
-1.4300000000000002,0.07705151403993449,0.01759066852884772,0.016504478238565722
-1.42,0.07850724561474037,0.017986840541025513,0.016940434967228933
-1.4100000000000001,0.07998372221625985,0.018391200879790594,0.017389324968264768
-1.4,0.08148108972902343,0.018803907378144375,0.017851573701282358
-1.3900000000000001,0.08299949189417527,0.019225120696991546,0.01832761930856468
-1.38,0.08453907023583222,0.01965500436309728,0.018817912810973506
-1.37,0.08609996398730176,0.020093724806671515,0.019322918295322785
-1.3599999999999999,0.08768231001719329,0.02054145139852116,0.019843113092450935
-1.35,0.08928624275545896,0.02099835648670846,0.02037898794520423
-1.3399999999999999,0.09091189411940015,0.0214646154326513,0.020931047165526243
-1.33,0.09255939343967633,0.021940406646598454,0.021499808779832277
-1.3199999999999998,0.09422886738635365,0.022425911622410286,0.022085804661832905
-1.31,0.09592043989503098,0.022921314971572654,0.02268958065195743
-1.2999999999999998,0.09763423209308153,0.02342680445636907,0.023311696662516073
-1.29,0.09937036222604902,0.02394257102213346,0.023952726767729405
-1.2799999999999998,0.10112894558423698,0.02446880882850318,0.02461325927774497
-1.27,0.10291009442953111,0.025005715279589072,0.02529389679575407
-1.2599999999999998,0.1047139179224944,0.025553491052976694,0.025995256257316864
-1.25,0.10654052204977492,0.026112340127470084,0.02671796895100093
-1.2399999999999998,0.10839000955186737,0.026682469809486572,0.027462680519437576
-1.23,0.11026247985126862,0.027264090758008473,0.028230050939901573
-1.2199999999999998,0.11215802898106889,0.0278574170079948,0.029020754483523575
-1.21,0.11407674951401935,0.028462665992153306,0.02983547965225057
-1.1999999999999997,0.11601873049211833,0.029080058560970498,0.03067492909267808
-1.19,0.11798405735675743,0.029709819000894797,0.03153981948588906
-1.1800000000000002,0.11997281187946972,0.03035217505056503,0.03243088141244788
-1.17,0.12198507209332207,0.031007357914974335,0.03334885919171435
-1.1600000000000001,0.1240209122249939,0.031675602277456624,0.034294510694661835
-1.15,0.1260804026275846,0.03235714630938069,0.03526860712940556
-1.1400000000000001,0.12816360971419177,0.03305223167743433,0.03627193279867196
-1.13,0.1302705958923033,0.03376110354837893,0.037305284828468
-1.12,0.13240141949904477,0.03448401059115249,0.03836947286724006
-1.1099999999999999,0.13455613473732547,0.03522120497619711,0.03946531875484602
-1.1,0.1367347916129247,0.03597294237188513,0.04059365616070076
-1.0899999999999999,0.13893743587256085,0.03673948193791598,0.041755330190495876
-1.08,0.14116410894298545,0.03752108631555435,0.042951196960936834
-1.0699999999999998,0.14341484787114364,0.03831802161457872,0.044182123141987446
-1.06,0.14568968526544368,0.03913055739680775,0.04544898546616053
-1.0499999999999998,0.14798864923817617,0.03995896665607096,0.04675267020444591
-1.04,0.150311763349125,0.04080352579448912,0.04809407260852243
-1.0299999999999998,0.1526590465504106,0.04166451459492871,0.04947409631895858
-1.02,0.15503051313260635,0.04254221618949457,0.05089365273916784
-1.0099999999999998,0.1574261726721688,0.043436917023924,0.052353660374948915
-1.0,0.1598460299802213,0.044348906817745885,0.05385504413950747
-0.9899999999999998,0.1622900850527308,0.04527847852006804,0.055398734623926305
-0.98,0.16475833302211731,0.04622592826085672,0.05698566733312216
-0.9699999999999998,0.16725076411033435,0.04719155529757256,0.05861678188740285
-0.96,0.16976736358345842,0.04817566195702836,0.06029302118981478
-0.9499999999999997,0.17230811170782603,0.049178553572335026,0.06201533055955041
-0.94,0.1748729837077543,0.05020053841480396,0.06378465683176689
-0.9299999999999997,0.17746194972488266,0.05124192762067556,0.06560194742424959
-0.9199999999999999,0.18007497477917062,0.05230303511254611,0.06746814937144013
-0.9100000000000001,0.18271201873158763,0.05338417751536747,0.06938420832643452
-0.8999999999999999,0.18537303624852913,0.05448567406689738,0.0713510675316454
-0.8900000000000001,0.18805797676799277,0.05560784652248114,0.0733696667589111
-0.8799999999999999,0.19076678446754766,0.05675101905404901,0.07544094121992524
-0.8700000000000001,0.19349939823412943,0.0579155181432183,0.07756582044795036
-0.8599999999999999,0.196255751635692,0.05910167246839308,0.0797452271518716
-0.8500000000000001,0.1990357728947473,0.0603098127857596,0.08198007604373728
-0.8399999999999999,0.20183938486382197,0.061540271804080775,0.08427127264102573
-0.8300000000000001,0.20466650500286082,0.0627933840531992,0.08661971204496863
-0.8199999999999998,0.20751704535860424,0.0640694857461638,0.0890262776963523
-0.81,0.21039091254596706,0.06536891463490252,0.0914918401103088
-0.7999999999999998,0.21328800773144468,0.06669200985937035,0.09401725559169782
-0.79,0.21620822661857142,0.06803911179010955,0.096603364932768
-0.7799999999999998,0.21915145943545516,0.06941056186416722,0.09925099209487286
-0.77,0.22211759092441155,0.07080670241432387,0.10196094287610077
-0.7599999999999998,0.22510650033371882,0.07222787649159541,0.1047340035667605
-0.75,0.22811806141151483,0.07367442768098123,0.10757093959474362
-0.7399999999999998,0.23115214240185547,0.07514669991044005,0.11047249416286214
-0.73,0.23420860604295285,0.07664503725308654,0.11343938688033292
-0.7199999999999998,0.23728730956761088,0.07816978372261206,0.116472312390652
-0.71,0.24038810470587404,0.0797212830619447,0.11957193899816757
-0.6999999999999997,0.24351083768990453,0.08129987852517515,0.1227389072957242
-0.69,0.2466553492611012,0.08290591265278759,0.1259738287958089
-0.6799999999999997,0.2498214746794725,0.0845397270402474,0.12927728456768423
-0.6699999999999999,0.25300904373527544,0.08620166210001028,0.13264982388304325
-0.6600000000000001,0.256217880762929,0.08789205681703151,0.13609196287276473
-0.6499999999999999,0.259447804657212,0.0896112484978672,0.13960418319738735
-0.6400000000000001,0.26269862889175166,0.0913595725134743,0.14318693073395428
-0.6299999999999999,0.265970161539809,0.09313736203583016,0.14684061428190867
-0.6200000000000001,0.26926220529736605,0.09494494776850779,0.15056560429074095
-0.6099999999999999,0.2725745575085172,0.09678265767135766,0.15436223161210705
-0.6000000000000001,0.2759070101931675,0.09865081667946289,0.158230786279144
-0.5899999999999999,0.27925935007703784,0.10054974641654958,0.16217151631571405
-0.5800000000000001,0.28263135862397576,0.10247976490305057,0.16618462657830468
-0.5699999999999998,0.2860228120705704,0.10444118625903658,0.17027027763330072
-0.56,0.289433481463067,0.1064343204022446,0.17442858467232927
-0.5499999999999998,0.2928631326965769,0.10845947274145018,0.17865961646835266
-0.54,0.2963115265565746,0.11051694386544579,0.18296339437515402
-0.5299999999999998,0.29977841876267675,0.11260702922790412,0.1873398913728222
-0.52,0.30326356001469074,0.11473001882842138,0.19178903116179682
-0.5099999999999998,0.30676669604092405,0.1168861968900511,0.19631068730798193
-0.5,0.31028756764874144,0.11907584153365595,0.2009046824413771
-0.48999999999999977,0.313825910777357,0.12129922444941968,0.20557078751060817
-0.48,0.31738145655284417,0.12355661056587743,0.2103087210956656
-0.46999999999999975,0.3209539313453502,0.1258482577168379,0.21511814878107818
-0.45999999999999996,0.32454305682849477,0.1281744163065853,0.219998682591662
-0.44999999999999973,0.328148550040934,0.13053532897376327,0.224949880492889
-0.43999999999999995,0.3317701234500707,0.13293123025435818,0.22997124595782142
-0.4299999999999997,0.3354074850178862,0.13536234624421065,0.2350622276024471
-0.41999999999999993,0.3390603382688734,0.13782889426149886,0.24022221889114045
-0.41000000000000014,0.3427283823600436,0.14033108250964832,0.245450557913852
-0.3999999999999999,0.34641131215298226,0.14286910974113493,0.25074652723650487
-0.3900000000000001,0.3501088182879262,0.14544316492265813,0.2561093538259457
-0.3799999999999999,0.35382058725983334,0.14805342690217277,0.26153820905066133
-0.3700000000000001,0.35754630149641425,0.1507000640782749,0.26703220875833106
-0.3599999999999999,0.3612856394380953,0.15338323407244747,0.27259041343113866
-0.3500000000000001,0.3650382756198796,0.15610308340467766,0.2782118284196196
-0.33999999999999986,0.36880388075507214,0.1588597471729647,0.28389540425566384
-0.33000000000000007,0.37258212182083406,0.16165334873724188,0.28964003704513674
-0.31999999999999984,0.3763726621455295,0.16448399940824102,0.29544456894042287
-0.31000000000000005,0.3801751614978276,0.16735179814183074,0.3013077886930313
-0.2999999999999998,0.38398927617752016,0.1702568312393614,0.3072284322862371
-0.29000000000000004,0.387814659108016,0.17319917205455126,0.3132051836475665
-0.2799999999999998,0.3916509599304697,0.1761788807074463,0.3192366754407644
-0.27,0.395497825099504,0.17919600380598663,0.3253214899367127
-0.2599999999999998,0.39935489798048085,0.18225057417570706,0.3314581599625982
-0.25,0.4032218189482785,0.185342610598097,0.3376451699284592
-0.23999999999999977,0.40709822548752755,0.1884721175581381,0.3438809569300699
-0.22999999999999998,0.4109837522942609,0.19163908500153098,0.3501639119269515
-0.21999999999999975,0.41487803137892965,0.19484348810211538,0.3564923809941345
-0.20999999999999996,0.418780692170737,0.19808528703997672,0.36286466664612865
-0.19999999999999973,0.42269136162324006,0.20136442679072214,0.36927902923139505
-0.18999999999999995,0.4266096643211709,0.2046808369263967,0.3757336883954547
-0.17999999999999972,0.43053522258842525,0.20803443142849645,0.3822268246106098
-0.16999999999999993,0.43446765659716635,0.21142510851352045,0.388756580770103
-0.16000000000000014,0.4384065844779931,0.21485275047148716,0.39532106384438803
-0.1499999999999999,0.4423516224311178,0.21831722351782407,0.40191834659704373
-0.14000000000000012,0.4463023848385009,0.22181837765901974,0.40854646935772154
-0.1299999999999999,0.45025848437688687,0.22535604657240846,0.4152034418493856
-0.1200000000000001,0.45421953213168675,0.22893004750043627,0.42188724506697395
-0.10999999999999988,0.4581851377116518,0.2325401811597347,0.4285958332044904
-0.10000000000000009,0.4621549093642813,0.2361862316653069,0.4353271356274197
-0.08999999999999986,0.4661284540919075,0.23986796647010508,0.4420790588872532
-0.08000000000000007,0.4701053777684021,0.2435851363202538,0.44884948877480824
-0.06999999999999984,0.4740852852564435,0.24733747522614893,0.45563629240893694
-0.06000000000000005,0.47806778052528975,0.2511247004496332,0.46243732035712837
-0.04999999999999982,0.48205246676899677,0.2549465125074245,0.46925040878443924
-0.040000000000000036,0.48603894652502344,0.2588025951909423,0.4760733816271129
-0.029999999999999805,0.49002682179316515,0.2626926156026525,0.48290405278719173
-0.020000000000000018,0.4940156941547553,0.26661622420901865,0.4897402283443751
-0.009999999999999787,0.4980051648920768,0.2705730549101197,0.496579708781335
0.0,0.5019948351079221,0.2745627251259649,0.5034202912186659
0.009999999999999787,0.5059843058452436,0.2785848358995069,0.5102597716556259
0.020000000000000462,0.5099731782068339,0.2826389720163211,0.5170959472128093
0.03000000000000025,0.5139610534749754,0.28672470214089424,0.5239266183728881
0.040000000000000036,0.5179475332310022,0.2908415789694298,0.5307495912155618
0.04999999999999982,0.5219322194747091,0.29498913939905264,0.5375626796428725
0.0600000000000005,0.5259147147435554,0.29916690471326085,0.5443637075910639
0.07000000000000028,0.5298946222315969,0.3033743807834485,0.5511505112251925
0.08000000000000007,0.5338715459080915,0.307611058286289,0.5579209411127477
0.08999999999999986,0.5378450906357177,0.31187641293674334,0.5646728643725811
0.09999999999999964,0.5418148622883471,0.31616990573642995,0.5714041667955104
0.11000000000000032,0.5457804678683121,0.32049098323706166,0.5781127549330268
0.1200000000000001,0.549741515623112,0.3248390778186336,0.5847965581506153
0.1299999999999999,0.553697615161498,0.3292136079820167,0.5914535306422792
0.13999999999999968,0.5576483775688811,0.33361397865558734,0.598081653402957
0.15000000000000036,0.5615934155220059,0.3380395815154999,0.6046789361556126
0.16000000000000014,0.5655323434028326,0.3424897953191866,0.6112434192298976
0.16999999999999993,0.5694647774115736,0.34696398625164476,0.6177731753893908
0.17999999999999972,0.573390335678828,0.3514615082840537,0.6242663116045459
0.1900000000000004,0.5773086383767589,0.35598170354424097,0.6307209707686056
0.20000000000000018,0.581219307829262,0.36052390269850165,0.6371353333538721
0.20999999999999996,0.5851219686210692,0.36508742534425487,0.6435076190058661
0.21999999999999975,0.589016247705738,0.369671580413008,0.649836088073049
0.23000000000000043,0.5929017745124715,0.3742756665830818,0.6561190430699306
0.2400000000000002,0.5967781810517204,0.3788989727015387,0.6623548300715413
0.25,0.600645102019518,0.3835407782147441,0.6685418400374024
0.2599999999999998,0.6045021749004951,0.38820035360697747,0.6746785100632877
0.27000000000000046,0.6083490400695293,0.39287696084650575,0.680763324559236
0.28000000000000025,0.612185340891983,0.3975698538385181,0.686794816352434
0.29000000000000004,0.6160107238224788,0.4022782788843199,0.6927715677137635
0.2999999999999998,0.6198248385021713,0.4070014751461744,0.6986922113069691
0.3100000000000005,0.6236273378544694,0.4117386751171809,0.7045554310595775
0.3200000000000003,0.627417878179165,0.41648910509557263,0.7103599629548637
0.33000000000000007,0.6311961192449268,0.42125198566281924,0.7161045957443367
0.33999999999999986,0.6349617243801193,0.4260265321649172,0.7217881715803809
0.35000000000000053,0.6387143605619036,0.4308119551962556,0.7274095865688619
0.3600000000000003,0.6424536985035848,0.43560746108544524,0.7329677912416696
0.3700000000000001,0.6461794127401655,0.44041225238250487,0.7384617909493392
0.3799999999999999,0.6498911817120727,0.44522552834680446,0.7438906461740548
0.3899999999999997,0.6535886878470167,0.4500464854351691,0.7492534727634956
0.40000000000000036,0.6572716176399553,0.45487431778955995,0.7545494420861484
0.41000000000000014,0.6609396617311256,0.45970821772375087,0.7597777811088599
0.41999999999999993,0.6645925149821129,0.4645473762084373,0.7649377723975532
0.4299999999999997,0.6682298765499284,0.469390983354216,0.7700287540421789
0.4400000000000004,0.671851449959065,0.4742382288918942,0.7750501195071112
0.4500000000000002,0.6754569431715042,0.47908830264959473,0.7800013174083383
0.45999999999999996,0.6790460686546488,0.4839403950261364,0.784881851218922
0.46999999999999975,0.6826185434471548,0.48879369746018814,0.7896912789043347
0.4800000000000004,0.686174089222642,0.4936474028947049,0.7944292124893921
0.4900000000000002,0.6897124323512576,0.4985007062361721,0.7990953175586233
0.5,0.693233303959075,0.5033528048082022,0.8036893126920185
0.5099999999999998,0.6967364399853083,0.508202898799039,0.8082109688382035
0.5200000000000005,0.7002215812373224,0.5130501917025497,0.8126601086271783
0.5300000000000002,0.7036884734434246,0.5178938907522957,0.8170366056248464
0.54,0.7071368673034223,0.5227332073482956,0.8213403835316477
0.5499999999999998,0.7105665185369321,0.5275673574761097,0.8255714153276711
0.5600000000000005,0.7139771879294288,0.532395562117895,0.8297297223666996
0.5700000000000003,0.7173686413760234,0.5372170476550983,0.8338153734216956
0.5800000000000001,0.7207406499229613,0.542031046262473,0.8378284836842863
0.5899999999999999,0.7240929898068316,0.546836796293127,0.8417692137208564
0.6000000000000005,0.727425442491482,0.5516335426543225,0.8456377683878935
0.6100000000000003,0.730737794702633,0.5564205371737749,0.8494343957092596
0.6200000000000001,0.7340298384601901,0.5611970389562113,0.8531593857180918
0.6299999999999999,0.7373013711082476,0.5659623147299702,0.8568130692660463
0.6399999999999997,0.7405521953427872,0.5707156391834424,0.8603958168026132
0.6500000000000004,0.7437821192370702,0.5754562952911727,0.8639080371272359
0.6600000000000001,0.7469909562647238,0.5801835746294587,0.8673501761169572
0.6699999999999999,0.7501785253205266,0.5848967776813015,0.8707227154323163
0.6799999999999997,0.7533446507388981,0.5895952141305844,0.8740261712041916
0.6900000000000004,0.7564891623100947,0.5942782031453653,0.8772610927042761
0.7000000000000002,0.7596118952941251,0.5989450736501959,0.8804280610018328
0.71,0.7627126904323883,0.6035951645873895,0.8835276876093484
0.7199999999999998,0.7657913939570463,0.60822782516718,0.8865606131196675
0.7300000000000004,0.7688478575981437,0.6128424151067284,0.8895275058371382
0.7400000000000002,0.7718819385884843,0.6174383048579509,0.8924290604052567
0.75,0.7748934996662804,0.6220148758241572,0.8952659964332399
0.7599999999999998,0.7778824090755876,0.6265715205655003,0.8980390571238996
0.7700000000000005,0.780848540564544,0.6311076429932563,0.9007490079051276
0.7800000000000002,0.7837917733814277,0.6356226585529662,0.9033966350672324
0.79,0.7867119922685545,0.6401159943964804,0.9059827444083025
0.7999999999999998,0.789609087454032,0.6445870895429678,0.9085081598896916
0.8100000000000005,0.7924829546413948,0.6490353950289548,0.910973722303648
0.8200000000000003,0.7953334949971382,0.6534603740474771,0.9133802879550317
0.8300000000000001,0.7981606151361772,0.6578615020764363,0.9157287273589745
0.8399999999999999,0.8009642271052517,0.6622382669962644,0.9180199239562629
0.8500000000000005,0.803744248364307,0.6665901691970085,0.9202547728481286
0.8600000000000003,0.8065006017658697,0.6709167216749589,0.9224341795520499
0.8700000000000001,0.8092332155324514,0.6752174501189532,0.924559058780075
0.8799999999999999,0.8119420232320063,0.679491892986495,0.9266303332410891
0.8899999999999997,0.8146269637514699,0.6837396015698386,0.9286489324683549
0.9000000000000004,0.8172879812684113,0.6879601400521917,0.9306157916735658
0.9100000000000001,0.8199250252208282,0.6921530855542044,0.93253185062856
0.9199999999999999,0.8225380502751163,0.6963180281709098,0.9343980525757506
0.9299999999999997,0.8251270162922446,0.700454570999295,0.9362153431682333
0.9400000000000004,0.827691888292173,0.7045623301566827,0.9379846694404496
0.9500000000000002,0.8302326364165405,0.7086409347901113,0.9397069788101853
0.96,0.8327492358896647,0.7126900270769035,0.9413832181125971
0.9699999999999998,0.8352416669778817,0.7167092622166217,0.943014332666878
0.9800000000000004,0.8377099149472682,0.7206983084146061,0.9446012653760737
0.9900000000000002,0.8401539700197778,0.7246568468573029,0.9461449558604927
1.0,0.8425738273278303,0.728584571679586,0.9476463396250512
1.0099999999999998,0.8449694868673927,0.7324811899242816,0.9491063472608323
1.0200000000000005,0.8473409534495885,0.7363464214941072,0.9505259036810415
1.0300000000000002,0.849688236650874,0.7401799990962389,0.9519059273914776
1.04,0.852011350761823,0.7439816681797183,0.953247329795554
1.0499999999999998,0.8543103147345555,0.7477511868659201,0.9545510145338394
1.0600000000000005,0.8565851521288554,0.7514883258722912,0.9558178768580124
1.0700000000000003,0.8588358910570136,0.7551928684295831,0.9570488030390633
1.08,0.8610625641274384,0.758864610192794,0.9582446698095041
1.0899999999999999,0.8632652083870745,0.7625033591460355,0.9594063438392992
1.1000000000000005,0.8654438652626738,0.766108935501546,0.9605346812451538
1.1100000000000003,0.8675985805009545,0.7696811715930627,0.9616305271327599
1.12,0.8697294041076961,0.773219911763772,0.962694715171532
1.13,0.8718363902858076,0.7767250122490504,0.963728067201328
1.1399999999999997,0.8739195973724149,0.7801963410542111,0.9647313928705945
1.1500000000000004,0.8759790877750055,0.7836337778274685,0.9657054893053383
1.1600000000000001,0.8780149279066773,0.7870372137283298,0.966651140808286
1.17,0.8800271881205297,0.7904065512916252,0.9675691185875523
1.1799999999999997,0.8820159426432419,0.7937417042873797,0.9684601805141112
1.1900000000000004,0.8839812695078811,0.7970425975767336,0.9693250709073222
1.2000000000000002,0.8859232504859802,0.8003091669641145,0.9701645203477498
1.21,0.8878419710189306,0.8035413590458569,0.9709792455164767
1.2199999999999998,0.8897375201487309,0.806739131055471,0.9717699490600988
1.2300000000000004,0.8916099904481322,0.8099024507057517,0.9725373194805628
1.2400000000000002,0.8934594779502246,0.81303129602792,0.9732820310489995
1.25,0.895286082077505,0.8161256552079877,0.9740047437426834
1.2599999999999998,0.8970899055704683,0.8191855264205268,0.9747061032042462
1.2700000000000005,0.8988710544157624,0.8222109176600291,0.9753867407222554
1.2800000000000002,0.9006296377739504,0.8252018465700353,0.976047273232271
1.29,0.9023657679069178,0.8281583402702059,0.9766883033374844
1.2999999999999998,0.9040795601049685,0.8310804351815106,0.977310419348043
1.3100000000000005,0.9057711326136457,0.8339681768497029,0.9779141953381674
1.3200000000000003,0.9074406065603231,0.8368216197672457,0.978500191220168
1.33,0.9090881058805993,0.8396408271938508,0.9790689528344739
1.3399999999999999,0.9107137572445405,0.8424258709757904,0.9796210120547959
1.3500000000000005,0.9123176899828062,0.8451768313641345,0.9801568869075492
1.3600000000000003,0.9139000360126976,0.8478937968320679,0.9806770817046774
1.37,0.9154609297641673,0.8505768638914327,0.9811820871890266
1.38,0.9170005081058242,0.853226136908641,0.9816723806914355
1.3899999999999997,0.9185189102709761,0.8558417279200974,0.9821484262987178
1.4000000000000004,0.9200162777837396,0.8584237564472708,0.9826106750317354
1.4100000000000001,0.9214927543852591,0.8609723493115445,0.9830595650327711
1.42,0.922948485960065,0.8634876404489785,0.9834955217614346
1.4299999999999997,0.9243836204626096,0.865969770725106,0.9839189581983466
1.4400000000000004,0.9257983078440126,0.8684188877498885,0.9843302750558788
1.4500000000000002,0.9271926999790495,0.8708351456929493,0.9847298609952315
1.46,0.9285669505934177,0.873218705099196,0.9851180928491668
1.4699999999999998,0.9299212151913087,0.8755697327049489,0.9854953358497324
1.4800000000000004,0.9312556509833232,0.8778884012546784,0.9858619438603279
1.4900000000000002,0.9325704168147547,0.8801748893184592,0.9862182596115003
1.5,0.933865673094275,0.8824293811102408,0.9865646149398675
1.5099999999999998,0.9351415817230501,0.88465206630703,0.9869013310295999
1.5200000000000005,0.9363983060243146,0.8868431398690833,0.9872287186559102
1.5300000000000002,0.937636010673436,0.889002801861196,0.9875470784300276
1.54,0.9388548616284902,0.8911312572751773,0.9878567010451523
1.5499999999999998,0.9400550260613808,0.8932287158535933,0.9881578675229195
1.5600000000000005,0.9412366722895262,0.8952953919148618,0.988450849459913
1.5700000000000003,0.9423999697081372,0.897331504179772,0.9887359092738042
1.58,0.9435450887231139,0.8993372755995066,0.9890133004487072
1.5899999999999999,0.944672200684582,0.9013129331852351,0.9892832677793705
1.6000000000000005,0.9457814778210942,0.9032587078393479,0.9895460476138407
1.6100000000000003,0.9468730931745163,0.9051748341883943,0.9898018680942674
1.62,0.9479472205356221,0.9070615504177868,0.9900509493955281
1.63,0.9490040343804158,0.9089190981083313,0.9902935039613824
1.6399999999999997,0.950043709807203,0.9107477220746374,0.9905297367378852
1.6500000000000004,0.9510664224744292,0.9125476702054633,0.9907598454038015
1.6600000000000001,0.9520723485393029,0.9143191933060448,0.9909840205977978
1.67,0.9530616645972249,0.9160625449424549,0.9912024461421944
1.6799999999999997,0.9540345476220351,0.9177779812880407,0.9914152992630872
1.6900000000000004,0.954991174907097,0.9194657609719779,0.9916227508066635
1.7000000000000002,0.9559317240072341,0.9211261449299829,0.9918249654515567
1.71,0.9568563726815336,0.9227593962572187,0.9920221019171
1.7199999999999998,0.9577652988370279,0.9243657800634306,0.9922143131673552
1.7300000000000004,0.9586586804732721,0.9259455633303402,0.9924017466108103
1.7400000000000002,0.9595366956278256,0.9274990147713315,0.9925845442956549
1.75,0.9603995223226516,0.9290264046934527,0.9927628431005541
1.7599999999999998,0.9612473385114446,0.9305280048617582,0.9929367749208596
1.7700000000000005,0.9620803220278961,0.9320040883660179,0.9931064668502068
1.7800000000000002,0.9628986505349076,0.9334549294898078,0.9932720413574587
1.79,0.9637025014747604,0.9348808035820035,0.9934336164589751
1.7999999999999998,0.964492052020249,0.9362819869306949,0.9935913058861878
1.8100000000000005,0.9652674790267853,0.937658756639528,0.9937452192484812
1.8200000000000003,0.9660289589854826,0.9390113905064966,0.9938954621913839
1.83,0.9667766679772212,0.9403401669051852,0.994042136550085
1.8399999999999999,0.9675107816277032,0.9416453646684749,0.9941853404983024
1.8500000000000005,0.9682314750635019,0.9429272629747177,0.9943251686925323
1.8600000000000003,0.9689389228691057,0.9441861412363864,0.9944617124117243
1.87,0.9696332990449639,0.9454222789911969,0.9945950596924227
1.88,0.970314776966535,0.9466359557957105,0.9947252954594349
1.8899999999999997,0.9709835293443384,0.9478274511214106,0.9948525016520813
1.9000000000000004,0.9716397281850114,0.9489970442532553,0.9949767573460931
1.9100000000000001,0.9722835447533744,0.9501450141906987,0.9950981388712294
1.92,0.972915149535499,0.9512716395511789,0.9952167199246849
1.9299999999999997,0.9735347122027835,0.9523771984760633,0.9953325716803686
1.9400000000000004,0.974142401577033,0.9534619685390445,0.9954457628941368
1.9500000000000002,0.9747383855965398,0.9545262266569771,0.9955563600050608
1.96,0.9753228312831651,0.9555702490031449,0.9956644272328212
1.9699999999999998,0.9758959047104179,0.9565943109229444,0.9957700266713183
1.9800000000000004,0.9764577709725271,0.9575986868519745,0.9958732183785871
1.9900000000000002,0.9770085941545033,0.9585836502365153,0.9959740604631154
2.0,0.9775485373031854,0.9595494734563813,0.9960726091666574
2.01,0.9780777623992682,0.9604964277501323,0.9961689189436362
2.0200000000000005,0.9785964303303044,0.9614247831426249,0.9962630425372387
2.0300000000000002,0.9791047008646744,0.9623348083748825,0.9963550310522916
2.04,0.9796027326265201,0.9632267708362696,0.9964449340250213
2.05,0.9800906830716332,0.964100936498944,0.9965327994897931
2.0600000000000005,0.980568708464292,0.9649575698545694,0.9966186740429241
2.0700000000000003,0.9810369638550387,0.9657969338532635,0.9967026029036705
2.08,0.9814956030593894,0.96661928984476,0.9967846299724797
2.09,0.9819447786374687,0.9674248975217579,0.9968647978866049
2.1000000000000005,0.9823846418745572,0.9682140148654372,0.9969431480731746
2.1100000000000003,0.9828153427625484,0.9689868980931123,0.9970197207998098
2.12,0.9832370299822992,0.9697438016079973,0.9970945552228758
2.13,0.9836498508868681,0.970484977951058,0.9971676894334666
2.1400000000000006,0.9840539514856288,0.9712106777549233,0.9972391605011981
2.1500000000000004,0.9844494764292516,0.9719211496998245,0.9973090045159069
2.16,0.9848365689955374,0.9726166404715394,0.9973772566273307
2.17,0.9852153710760967,0.9732973947213082,0.9974439510828588
2.1799999999999997,0.985586023163861,0.9739636550276929,0.9975091212634275
2.1900000000000004,0.9859486643414148,0.9746156618603519,0.9975727997176447
2.2,0.9863034322701373,0.9752536535456978,0.9976350181942154
2.21,0.98665046318014,0.9758778662344084,0.9976958076727437
2.2199999999999998,0.9869898918609904,0.9764885338707603,0.9977551983929871
2.2300000000000004,0.9873218516532059,0.9770858881637531,0.9978132198826265
2.24,0.9876464744405091,0.9776701585599952,0.9978699009836273
2.25,0.9879638906428296,0.9782415722183152,0.9979252698772516
2.26,0.9882742292100373,0.9788003539860716,0.9979793541077885
2.2700000000000005,0.9885776176163993,0.9793467263771255,0.9980321806050638
2.2800000000000002,0.9888741818557414,0.9798809095514464,0.9980837757057881
2.29,0.9891640464373057,0.9804031212963157,0.9981341651737993
2.3,0.9894473343822864,0.9809135770090991,0.9981833742192593
2.3100000000000005,0.9897241672210331,0.9814124896815526,0.9982314275168519
2.3200000000000003,0.989994664990908,0.9819000698856305,0.9982783492230396
2.33,0.9902589462347808,0.9823765257607634,0.9983241629924233
2.34,0.9905171280001492,0.9828420630025715,0.9983688919932547
2.3500000000000005,0.9907693258388717,0.9832968848529835,0.9984125589221482
2.3600000000000003,0.9910156538074973,0.9837411920917248,0.99845518601803
2.37,0.9912562244681781,0.9841751830291467,0.9984967950753753
2.38,0.9914911488901527,0.9845990535003608,0.9985374074567632
2.3900000000000006,0.9917205366517832,0.985012996860647,0.9985770441047951
2.4000000000000004,0.991944495843136,0.9854172039821044,0.9986157255534083
2.41,0.9921631330690882,0.98581186325151,0.9986534719386232
2.42,0.9923765534529477,0.9861971605693567,0.9986903030087525
2.4299999999999997,0.9925848606405738,0.9865732793500356,0.9987262381341083
2.4400000000000004,0.9927881568049821,0.9869404005231328,0.9987612963162348
2.45,0.992986542651422,0.98729870253581,0.9987954961966949
2.46,0.9931801174229118,0.9876483613562339,0.9988288560654384
2.4699999999999998,0.9933689789062169,0.9879895504780283,0.9988613938687773
2.4800000000000004,0.9935532234382608,0.9883224409257142,0.9988931272169932
2.49,0.9937329459129496,0.988647201261111,0.9989240733915977
2.5,0.9939082397884024,0.988963997590664,0.9989542493522696
2.51,0.9940791970945705,0.9892729935736732,0.9989836717434902
2.5200000000000005,0.9942459084412323,0.9895743504313892,0.9990123569008925
2.5300000000000002,0.9944084630263527,0.9898682269569515,0.999040320857347
2.54,0.9945669486447913,0.9901547795261363,0.9990675793487985
2.55,0.9947214516973489,0.9904341621088858,0.999094147819872
2.5600000000000005,0.9948720572001374,0.9907065262815932,0.9991200414292623
2.5700000000000003,0.9950188487942603,0.9909720212401129,0.9991452750549198
2.58,0.9951619087557939,0.9912307938134685,0.9991698632990519
2.59,0.9953013180060535,0.9914829884782322,0.9991938204929451
2.6000000000000005,0.9954371561221333,0.9917287473735483,0.9992171607016261
2.6100000000000003,0.9955695013477097,0.9919682103167748,0.9992398977283695
2.62,0.995698430604092,0.9922015148197145,0.9992620451190635
2.63,0.995824019501513,0.9924287961054151,0.9992836161664447
2.6400000000000006,0.9959463423506452,0.9926501871255066,0.9993046239142082
2.6500000000000004,0.9960654721743314,0.9928658185780552,0.9993250811610056
2.66,0.9961814807195183,0.9930758189259093,0.9993450004643342
2.67,0.9962944384693834,0.9932803144155106,0.9993643941443289
2.6799999999999997,0.996404414655642,0.9934794290961488,0.9993832742874612
2.6900000000000004,0.9965114772710247,0.993673284839638,0.9994016527501522
2.7,0.9966156930819148,0.993862001360387,0.9994195411623066
2.71,0.9967171276411345,0.9940456962358468,0.9994369509307706
2.7199999999999998,0.9968158453008704,0.99422448492731,0.999453893242723
2.7300000000000004,0.9969119092257278,0.9943984808010407,0.9994703790689987
2.74,0.9970053814059041,0.994567795149716,0.9994864191673537
2.75,0.9970963226704699,0.9947325372141564,0.9995020240856732
2.76,0.9971847927007534,0.9948928142053235,0.999517204165127
2.7700000000000005,0.9972708500438114,0.9950487313265709,0.9995319695432743
2.7800000000000002,0.9973545521259837,0.9952003917961212,0.9995463301571231
2.79,0.9974359552665206,0.9953478968697572,0.9995602957461461
2.8,0.997515114691272,0.9954913458637051,0.9995738758552554
2.8100000000000005,0.997592084546434,0.9956308361776917,0.9995870798377359
2.8200000000000003,0.997666917912341,0.9957664633181588,0.9995999168581461
2.83,0.9977396668172979,0.9958983209216189,0.9996123958951805
2.84,0.9978103822514417,0.9960265007781337,0.9996245257445004
2.8500000000000005,0.997879114180628,0.9961510928548983,0.9996363150215332
2.8600000000000003,0.997945911560333,0.9962721853199193,0.9996477721642394
2.87,0.9980108223495623,0.996389864565766,0.9996589054358539
2.88,0.9980738935247643,0.9965042152333841,0.999669722927595
2.8900000000000006,0.9981351710937346,0.9966153202359553,0.9996802325613511
2.9000000000000004,0.9981947001095114,0.9967232607827899,0.9996904420923357
2.91,0.9982525246842494,0.9968281164032359,0.9997003591117227
2.92,0.9983086880030709,0.9969299649705948,0.9997099910492514
2.9299999999999997,0.9983632323378849,0.9970288827260296,0.9997193451758117
2.9400000000000004,0.998416199061169,0.9971249443024519,0.9997284286060014
2.95,0.9984676286597084,0.9972182227483769,0.9997372483006631
2.96,0.9985175607482883,0.9973087895517355,0.9997458110693966
2.9699999999999998,0.9985660340833302,0.9973967146636289,0.9997541235730482
2.9800000000000004,0.9986130865764707,0.9974820665220195,0.999762192326177
2.99,0.9986587553080771,0.9975649120753431,0.9997700236995009
3.0,0.9987030765406937,0.9976453168060361,0.9997776239223163
3.01,0.9987460857324144,0.997723344753964,0.9997849990848982
3.0200000000000005,0.9987878175501792,0.9977990585397462,0.9997921551408782
3.0300000000000002,0.9988283058829873,0.9978725193879644,0.9997990979095975
3.04,0.9988675838550255,0.9979437871502473,0.9998058330784406
3.05,0.998905683838706,0.9980129203282245,0.9998123662051444
3.0600000000000005,0.9989426374676108,0.9980799760963392,0.999818702720085
3.0700000000000003,0.9989784756493393,0.9981450103245139,0.9998248479285442
3.08,0.9990132285782548,0.9982080776006613,0.9998308070129499
3.09,0.9990469257481277,0.9982692312530337,0.9998365850350963
3.1000000000000005,0.9990795959646712,0.9983285233724035,0.9998421869383401
3.1100000000000003,0.999111267357968,0.998386004834069,0.999847617549774
3.12,0.9991419673947837,0.9984417253196802,0.9998528815823776
3.13,0.9991717228907651,0.9984957333388769,0.9998579836371437
3.1400000000000006,0.9992005600225211,0.9985480762507367,0.9998629282051827
3.1500000000000004,0.9992285043395838,0.9985988002850246,0.9998677196698025
3.16,0.999255580776246,0.9986479505632421,0.9998723623085648
3.17,0.9992818136632765,0.9986955711194694,0.999876860295319
3.1799999999999997,0.9993072267395076,0.9987417049209976,0.9998812177022104
3.1900000000000004,0.9993318431632948,0.9987863938887456,0.9998854385016656
3.2,0.9993556855238482,0.9988296789174607,0.9998895265683535
3.21,0.9993787758524312,0.9988715998956961,0.9998934856811218
3.2199999999999998,0.9994011356334275,0.9989121957255631,0.9998973195249102
3.2300000000000004,0.9994227858152742,0.998951504342259,0.9999010316926382
3.24,0.9994437468212599,0.9989895627333597,0.9999046256870683
3.25,0.9994640385601865,0.9990264069578837,0.9999081049226471
3.26,0.9994836804368953,0.9990620721651178,0.9999114727273182
3.2700000000000005,0.9995026913626535,0.9990965926132086,0.9999147323443136
3.2800000000000002,0.9995210897654037,0.9991300016875119,0.9999178869339193
3.29,0.9995388935998742,0.9991623319187043,0.9999209395752157
3.3,0.9995561203575496,0.999193615000651,0.9999238932677939
3.3100000000000005,0.9995727870765002,0.9992238818080308,0.9999267509334487
3.3200000000000003,0.9995889103510743,0.9992531624137176,0.9999295154178444
3.33,0.9996045063414466,0.9992814861059165,0.999932189492157
3.34,0.9996195907830282,0.9993088814050535,0.9999347758546937
3.3500000000000005,0.9996341789957353,0.9993353760804194,0.9999372771324846
3.3600000000000003,0.999648285893117,0.9993609971665689,0.9999396958828524
3.37,0.9996619259913442,0.9993857709794707,0.9999420345949563
3.38,0.9996751134180558,0.9994097231324114,0.999944295691312
3.3900000000000006,0.9996878619210665,0.9994328785516556,0.9999464815292882
3.4000000000000004,0.9997001848769359,0.9994552614918562,0.999948594402577
3.41,0.9997120952993962,0.999476895551221,0.999950636542642
3.42,0.9997236058476427,0.9994978036864348,0.9999526101201417
3.4299999999999997,0.9997347288344864,0.9995180082273362,0.9999545172463282
3.4400000000000004,0.9997454762343675,0.9995375308913501,0.9999563599744243
3.45,0.9997558596912345,0.9995563927976807,0.9999581403009745
3.46,0.9997658905262852,0.9995746144812588,0.9999598601671744
3.4699999999999998,0.9997755797455729,0.9995922159064528,0.999961521460176
3.4800000000000004,0.9997849380474794,0.9996092164805387,0.9999631260143691
3.49,0.9997939758300531,0.9996256350669325,0.9999646756126417
3.5,0.9998027031982148,0.9996414899981877,0.9999661719876154
3.51,0.9998111299708322,0.9996567990887574,0.9999676168228597
3.5200000000000005,0.999819265687664,0.999671579647524,0.9999690117540833
3.5300000000000002,0.9998271196161744,0.9996858484900972,0.9999703583703018
3.54,0.9998347007582189,0.9996996219508855,0.9999716582149871
3.55,0.9998420178566031,0.9997129158949353,0.9999729127871901
3.5600000000000005,0.9998490794015165,0.9997257457295508,0.9999741235426455
3.5700000000000003,0.999855893636839,0.9997381264156857,0.9999752918948529
3.58,0.9998624685663273,0.9997500724791175,0.9999764192161387
3.59,0.9998688119596764,0.9997615980214004,0.9999775068386944
3.6000000000000005,0.9998749313584604,0.9997727167306019,0.9999785560555966
3.6100000000000003,0.9998808340819557,0.9997834418918269,0.9999795681218052
3.62,0.999886527232844,0.9997937863975271,0.9999805442551414
3.63,0.9998920177027987,0.9998037627576027,0.9999814856372461
3.6400000000000006,0.9998973121779566,0.9998133831092958,0.9999823934145178
3.6500000000000004,0.9999024171442747,0.9998226592268797,0.9999832686990314
3.66,0.9999073388927759,0.999831602531145,0.9999841125694381
3.67,0.9999120835246814,0.9998402240986866,0.9999849260718446
3.6799999999999997,0.9999166569564347,0.9998485346709939,0.9999857102206758
3.6900000000000004,0.9999210649246177,0.9998565446633452,0.9999864659995171
3.7,0.9999253129907589,0.9998642641735106,0.9999871943619385
3.71,0.9999294065460377,0.9998717029902658,0.9999878962323022
3.7199999999999998,0.9999333508158839,0.9998788706017196,0.9999885725065508
3.7300000000000004,0.9999371508644751,0.9998857762034551,0.9999892240529787
3.74,0.9999408115991342,0.9998924287064924,0.9999898517129856
3.75,0.9999443377746269,0.9998988367450701,0.9999904563018138
3.76,0.9999477339973621,0.9999050086842526,0.9999910386092687
3.7700000000000005,0.9999510047294953,0.9999109526273626,0.9999915994004219
3.7800000000000002,0.9999541542929387,0.9999166764232451,0.999992139416299
3.79,0.9999571868732766,0.9999221876733594,0.9999926593745511
3.8,0.999960106523591,0.999927493738711,0.9999931599701098
3.8100000000000005,0.9999629171681959,0.9999326017466172,0.9999936418758297
3.8200000000000003,0.9999656226062831,0.9999375185973145,0.999994105743111
3.83,0.9999682265154818,0.999942250970408,0.9999945522025113
3.84,0.9999707324553319,0.999946805331168,0.999994981864341
3.8500000000000005,0.9999731438706735,0.9999511879366724,0.9999953953192436
3.8600000000000003,0.9999754640949543,0.9999554048418023,0.9999957931387644
3.87,0.9999776963534557,0.9999594619050903,0.9999961758759018
3.88,0.9999798437664383,0.999963364794424,0.9999965440656485
3.8900000000000006,0.999981909352212,0.99996711899261,0.999996898225516
3.9000000000000004,0.9999838960301259,0.9999707298027988,0.9999972388560483
3.91,0.9999858066234865,0.9999742023537727,0.9999975664413231
3.92,0.9999876438623995,0.9999775416051025,0.9999978814494368
3.9300000000000006,0.9999894103865405,0.9999807523521711,0.9999981843329818
3.9400000000000004,0.9999911087478555,0.9999838392310708,0.9999984755295082
3.95,0.9999927414131898,0.9999868067233729,0.9999987554619747
3.96,0.9999943107668509,0.9999896591607756,0.9999990245391889
3.9699999999999998,0.9999958191131036,0.999992400729631,0.9999992831562339
3.9800000000000004,0.9999972686786,0.9999950354753527,0.9999995316948855
3.99,0.9999986616147449,0.9999975673067089,0.9999997705240186
4.0,1.0,1.0,1.0
